,address,lifetime,most_active_day,activity_days,in_vs_out,num_in,num_out,addresses_in_out,median_delay,mean_delay,max_delay,min_delay,total_sent,total_recv,avg_out,avg_in,max_diff
0,16uHQwNUvkDBzNwgYb4fPkjMMxWddAULCE,195669.0,180,3,1.2727272727272727,280,220,0,4943.0,6558.833333333333,17023.0,2839.0,12047461597,12047461597,10730677.727272727,6905577.0,49654818.0
1,1CEvnowVdeois5aTvJpG8xVXXXF1A6ZD3,47438126.0,15,15,1.2727272727272727,42,33,0,239073.0,1048545.625,3986133.0,1323.0,1887050000,1887000000,24454545.454545453,13432142.857142856,35000000.0
2,1Dbg3LnGWx6r5rhCnbr48cYg1cvzRP2Db8,1253701.0,24,12,0.9230769230769231,48,52,0,23176.5,26636.4,55601.0,11714.0,6493596720,6493596720,30461538.46153846,30916666.666666668,100000000.0
3,182A2VjrDYhuMkQTBwdPCRkid3WiSTfAcY,251336968.0,30,23,1.0833333333333333,195,180,0,295634.0,295634.0,295634.0,295634.0,45154045361,45154045361,12502086.5,9968218.307692308,0.0
4,35MvT575mUiiDBxwbncK7gt6zYHQzT23SF,1094556.0,70,5,0.9230769230769231,84,91,3,1496.0,1472.3333333333333,2599.0,0.0,185388704,185388704,392575.6923076923,367462.75,1881000.0
5,1BmZW65ZoeLa1kbL9MPFLfkS818mqFUSma,9092152.0,42,19,1.7777777777777777,336,189,4,73377.5,120121.875,321154.0,16094.0,974640858,973751826,219355.55555555556,173213.5,600000.0
6,1PonziSPomZskfn9mR59v45SdpBG3MgEob,6387509.0,6,5,1.6,8,5,4,1665.5,2487.75,5048.0,1572.0,3551000,3550000,710000.0,443875.0,2850000.0
7,1ponziUjuCVdB167ZmTWH48AURW1vE64q,117443550.0,380,18,7.333333333333333,2090,285,0,4257381.0,4257381.0,4257381.0,4257381.0,34864105345,34860166355,100674572.66666667,2229512.772727273,0.0
8,1MoneySKsyZewy9c7wPyWdX7j6Lxgfazdc,17385860.0,78,9,1.2727272727272727,84,66,4,55163.5,78874.66666666667,198265.0,0.0,3626446964,3626444964,10741136.363636363,7702000.0,114564500.0
9,1CHJArco4Qv6cmTZNF7Km7cuATCD1Z1NSu,14169279.0,30,6,0.7857142857142857,33,42,1,0.0,1185.7777777777778,10650.0,0.0,1172399027,1172397027,16996410.214285713,20593988.272727273,224478906.0
10,1CSFymHagFQoumXwn3x9ndsgxgqZNCKAnD,43629186.0,27,8,1.2727272727272727,42,33,2,137199.0,350728.2,895842.0,422.0,80833034474,80833033474,852825622.9090909,3358928.4285714286,14873998.0
11,1LMvwHjudMmPNKe5Vd5GPY2pmPTyV2qLtu,43809718.0,36,6,0.19047619047619047,8,42,2,48278.0,48278.0,92415.0,4141.0,10978221480,10977220480,228744273.52380952,244886500.0,584050000.0
12,121x1rbwtPk4jg48V42zv1CprdY5Lm1ozb,3156562.0,26,5,1.7777777777777777,32,18,4,1017.5,1324.0,3261.0,0.0,1293835664,1293835664,56838042.777777776,15056399.0625,198322888.0
13,1PonzibJuT6NZ1a5xATqvsdNF5fqGRhnMC,4593368.0,126,7,0.9230769230769231,168,182,6,583.5,2485.4,18284.0,0.0,1423230721,1423230721,3295079.0,2125441.0833333335,6105293.0
14,1DDvAMNkiJkzezxT9S6nn6HMBNWffbJzaf,7612733.0,9,17,1.5,45,30,0,77864.0,92472.57142857143,269036.0,16603.0,316500010000,316500010000,8050000000.0,5366666666.666667,15000000000.0
15,1MikeTF8yRsinx8deb8UGR33PpGDtmeYyF,11217684.0,66,15,1.0833333333333333,286,264,0,22611.0,40187.57142857143,142978.0,0.0,2392591054,2392591054,8640166.666666666,7975538.461538462,2200000.0
16,1crJjF5qSkXrYf26uojyvDB7kARi7QdcH,59433.0,75,1,1.2727272727272727,42,33,2,0.0,40.416666666666664,485.0,0.0,5370146324,5370146324,150404211.27272728,67157167.07142857,4963338972.0
17,1LQzWSmbEbzsqGM1ET3Sb2hMebntW4K7bd,897077.0,9,9,0.5625,9,16,4,440.0,40649.0,121293.0,0.0,1849095087,1849095087,62092643.4375,87986921.66666667,183839707.0
18,1D5fYFjngQkj8KjuGemM55T4pfuJFHfNm2,12142006.0,18,17,1.2727272727272727,84,66,0,194296.0,277695.875,1093575.0,26549.0,3345503575,3345503575,55153.09090909091,42284.642857142855,41836.0
19,3NprGuLy6uTTt9UwW1doh3FLEGBZY6NJA3,748003.0,200,6,0.7857142857142857,275,350,0,6510.0,6510.0,6510.0,6510.0,707490720703,707490720703,7455663644.642858,11187416.545454545,30853086871.0
20,121jfy7iR2Q6HCNL3oZFDK2WTjigFZRAVb,102689791.0,140,3,1.2727272727272727,98,77,1,4982.5,5294.25,11212.0,0.0,4430391783,4430391783,35698247.27272727,5485765.714285715,332680720.0
21,125LaznhCAssaRgtjbY3Fvi9jeLFKBaRdZ,42067646.0,16,10,4.0,40,10,1,6422.0,6422.0,11815.0,1029.0,154384483,154384483,14206445.0,2752086.25,50290000.0
22,12cny1s79PGLN9Dfyzk4mskaVRzDYgZEv3,414245.0,187,4,4.0,220,55,5,1419.0,1351.6,2225.0,0.0,1713866800,1713866800,30181880.4,1996733.05,39934661.0
23,18YjZiXes86Zc6vzE2GroDpxYv3xmQDZ7,860981.0,18,9,0.9230769230769231,36,39,2,7026.0,10283.0,37713.0,2245.0,4337211306,4337211306,219481188.84615386,227667954.58333334,431953456.0
24,17EtFaxBU2PKJq36V9thYX75FkvHsRZJXw,728516.0,85,4,0.6666666666666666,50,75,0,0.0,314.875,987.0,0.0,1108944841,1108944841,980872.2666666667,644090.0,14007584.0
25,1CkSKivtRrsGN5vczEGhpcEdyWLU8wWSBy,409803.0,21,6,0.5625,27,48,0,4178.0,14676.0,85207.0,0.0,498000000,498000000,11875000.0,2888888.888888889,54000000.0
26,1F82eh6NsE5NKYk9VY3bhJRXruaC3fzNcp,4889251.0,20,14,0.13636363636363635,12,88,1,0.0,0.0,0.0,0.0,815359634,815359634,2158439.3636363638,14281476.0,2436469.0
27,1KZpsXWQxUgh7Ftwg25PFGVmg3rDYwKP1x,1864278.0,693,3,0.7857142857142857,363,462,2,1815592.0,1417047.4146341463,1815592.0,0.0,18973783342,18973783342,10222750.0,4485727.2727272725,87548500.0
28,137NkPUTDbLboxqsfrbcbMsiXnkog1kmta,4225019.0,120,16,0.9230769230769231,288,312,0,52888.5,54842.833333333336,119159.0,0.0,154268855030,154261074440,788116535.8461539,758471243.9166666,1850734818.0
29,1PaGpGNLYNeHfCQDZQzuYxSMEmrcFkaakJ,122337117.0,8,17,0.9230769230769231,48,52,0,12061.5,124810.7,783365.0,444.0,9324193077,9324193077,37569230.76923077,35200000.0,3000000.0
30,1GcwRwkEGZag1M6SZ1waAt3LaYJX8SPXWc,38139587.0,20,18,0.3888888888888889,35,90,0,52960.0,52960.0,104497.0,1423.0,6297062878,6296963509,4152200.388888889,8351203.142857143,27690000.0
31,1GS6hqbmHaH87cMitAtm4vf7E33EdK5SF1,3402582.0,10,9,0.9230769230769231,24,26,0,4476.0,4840.7,12567.0,2051.0,7919711624,7919711624,29722624.46153846,31033676.5,200000000.0
32,1CZHFhXcfFGGe917VpvmnpVDbefXAYCF48,1429853.0,20,10,0.5625,36,64,0,0.0,67271.5,223640.0,0.0,4208029004,4208017901,6886015.75,10469777.777777778,20841824.0
33,1JgDzsF1ar5j2PaTudkznNPSsEn96Gpyhz,1842237.0,28,12,0.47058823529411764,56,119,0,3625.0,25167.166666666668,134740.0,0.0,3425870269,3425808681,5261116.411764706,9046061.875,7916388.0
34,1Bgp4b36yfN64RhmLKNEswnwK9getei8tw,8501911.0,25,11,0.9230769230769231,60,65,3,0.0,76125.55555555556,677649.0,0.0,6587494794,6587494794,9677842.384615384,8847745.916666666,28151651.0
35,1L9MY4WZWPYayKXYg9Lj2RpX3D393dq3ze,91390210.0,20,19,0.19047619047619047,16,84,0,8632236.0,8632236.0,8632236.0,8632236.0,800655375,800655375,3046644.238095238,10002500.25,30524881.0
36,1BPXxTwuerD4gHizYzrAp14yWTdDWQ1RB9,12227965.0,221,10,0.13636363636363635,51,374,3,0.0,0.0,0.0,0.0,29252265760,29252265760,4601205.454545454,1337565.3333333333,200024087.0
37,1Btp8rWoWa8ttutoawbBiZnbRNHkaRznqV,6656781.0,12,22,0.9230769230769231,72,78,0,45520.0,109697.25,423732.0,0.0,821152310,820655053,9827358.615384616,3187743.25,830000.0
38,17B4a1gUmfQeXcrCeJn1ZgPgcYksUToCnt,43554416.0,42,24,24.0,504,21,0,20634.0,20634.0,20634.0,20634.0,10484273489,9244243489,280000000.0,9167916.666666666,5880000000.0
39,1BCDoTg8AiUDbQF2kFbG7uJYqPbCqM259V,453617.0,8,5,0.6666666666666666,10,15,7,5704.0,34433.8,149888.0,2357.0,1012743081,1012743081,478775.06666666665,264373.0,3803584.0
40,1BMk6C67ao3Q1zeB1oTeYLYwRpG7KZXnqU,126677327.0,98,6,1.2727272727272727,98,77,8,802838.0,3257090.3333333335,8967696.0,737.0,1337142532,1337099505,1885764.4545454546,1081222.357142857,10850811.0
41,17GqF7Ghg2dUAYeuNzwpu7Zvm8zNnkbmrC,2162598.0,12,12,1.0833333333333333,39,36,0,33490.0,43362.11111111111,109127.0,7876.0,1838000000,1838000000,15166666.666666666,14000000.0,5000000.0
42,13WMxbyWF95dWq29eMutGPUFzaWtC2HLFf,3217034.0,255,8,0.7857142857142857,187,238,0,1340.0,31564.14285714286,214592.0,0.0,61322158641,61322158641,11819526.357142856,14246712.909090908,137423369.0
43,18AdYERwW1Fpj6ox3nuALGiuVVUgmZbQwK,1187948.0,78,11,1.7777777777777777,208,117,0,59438.5,68030.5,145946.0,7299.0,2521065344781,2521065344781,795250583.2222222,415331497.9375,3623921211.0
44,17U2LQRbraFsogr1ZUFqDD3nSLP7vV3tqC,14422374.0,36,16,1.2727272727272727,126,99,0,40529.0,71693.83333333333,196341.0,74.0,3654056763,3654036763,1987837.7272727273,1220897.7857142857,1300000.0
45,1FPPmX5ZqMH7WuW91Z4BXQTCUeWFZqDAFL,7428965.0,80,24,11.5,920,80,0,102358.0,102358.0,102358.0,102358.0,6059926816,6059926816,20000000.0,1000000.0,18000000.0
46,1vVutkMjHR2ykCGtbkoBAWoUDPWrNfBFP,8489135.0,20,14,0.6666666666666666,40,60,0,11764.0,16846.833333333332,45546.0,3469.0,7414295001,7414295001,166814866.66666666,126715800.0,506917000.0
47,1PukY3749auH4yU869LEx1Fj8oyAEr2Z7S,16893555.0,2,21,0.19047619047619047,4,21,0,13232.0,13232.0,25801.0,663.0,37377750,37377750,1103249.9523809524,5651287.5,2005150.0
48,1EPkRAUVJsdSs75PLrjKPtPA3g7p8SEYXX,940643.0,24,8,1.0833333333333333,52,48,0,16309.0,22396.571428571428,62394.0,7113.0,3979859068,3979859068,30094355.666666668,26187036.0,50574131.0
49,15PPEhWGC5otEQ9Eof2b54kz8Xgx7LZoKG,2619534.0,833,13,0.9230769230769231,1428,1547,1,97146.0,199486.625,674520.0,10802.0,619720733486,619720733486,8107235.769230769,5899745.083333333,48043327.0
50,15rJBQawszHcJ5DQ1jJH2m2Z21EXKQjgc4,10259084.0,4,19,0.9230769230769231,24,26,0,26903.0,55261.1,193662.0,3836.0,9574000000,9574000000,260769230.76923078,267500000.0,120000000.0
51,1EvZNAcNA7qJCk5mfftzhqpiiJLKY9vWgX,4493769.0,3,13,0.9230769230769231,12,13,0,9075.5,15330.4,48721.0,534.0,234410637,234410637,11950594.76923077,9492878.583333334,19359162.0
52,12CnPUD27HKqRq9vgfb8TJb1zeZeU2RiFs,38757981.0,2,20,1.0833333333333333,13,12,1,206792.0,432300.22222222225,1384368.0,0.0,647646764,647646764,36713670.333333336,26202512.615384616,101254044.0
53,16gtYgAmF5V1Dwk7ZNvhuq9DRhZRrmZMxb,16788643.0,2,21,0.08695652173913043,2,23,0,3367.0,3367.0,3367.0,3367.0,19066030058,19066030058,31616812.86956522,24712328.5,568584248.0
54,1Hd1BMuYX8G1FF4xNVHSbsWWJVwuvLRXza,3255421.0,10,9,0.6666666666666666,10,15,0,2922.0,6436.4,20180.0,2850.0,3033503018,3033503018,194140134.53333333,240080301.8,1400000000.0
55,17Qcr4tdmwe5XNM6gx7RdYxgcVkqQEk4ZC,5585805.0,3,14,0.7857142857142857,11,14,0,1301.0,31074.11111111111,253568.0,0.0,33831257,33773349,1775196.5714285714,2011044.9090909092,2675010.0
56,18YbDvTmU3Px5uYixfwnMvVCxngmhEpENC,188700.0,198,3,1.7777777777777777,176,99,1,0.0,1122.75,7025.0,0.0,11626730000,11626730000,132705555.55555555,69021875.0,804000000.0
57,1DpEVewBbgwApy1uktAuMX6nn8gPxJBjkT,158993995.0,69,16,0.13636363636363635,69,506,0,0.0,0.0,0.0,0.0,15753487667,15753487667,4025106.227272727,21298540.333333332,20683107.0
58,18CfVpqtaMskDSkQKiW8BBFrGQGPdKFnbW,699954.0,4,8,1.0,10,10,0,3636.5,3246.125,4144.0,303.0,837757059,837757059,83775705.9,83775705.9,100000000.0
59,183hfwh85ug1np4CPCGMnWjBJxEmrYXULM,3820062.0,14,13,0.9230769230769231,84,91,0,5616.5,7107.2,15461.0,2461.0,50140130623,50140130623,227707615.3846154,216034500.0,300960000.0
60,14DnD1BMSShCqQHVGqfPc61NctwhQqdfa7,7223110.0,6,14,0.9230769230769231,24,26,0,5027.0,17993.4,96142.0,2654.0,1322632784,1322632784,38480504.23076923,38354115.0,27633777.0
61,17Yhi3B6dEM7gfPQvSPuDK9CBwqzE5KtyV,4685552.0,45,12,0.041666666666666664,9,216,0,71004.0,71004.0,71004.0,71004.0,2913000000,2913000000,10875000.0,21000000.0,189000000.0
62,1CKQ4GLgTzKesEE63djmtSmZkPRBay4bja,4216694.0,6,12,0.46153846153846156,12,26,0,21055.5,35212.25,92752.0,5986.0,59149208,59149208,2664897.0,3936724.8333333335,1047405.0
63,1KPvgTBqRPGp7hh4VurvmoDREmZpwDDQKu,14740090.0,16,17,1.2727272727272727,56,44,0,18810.5,17602.0,27434.0,5353.0,471490000,471490000,19953636.363636363,15177857.142857144,149490000.0
64,17QcE64RFAZGDrVo1jkH6fEXmmjEKKBSed,144988464.0,12,21,0.9230769230769231,72,78,0,52989.0,92055.25,318032.0,1601.0,1817236668,1817236668,32508050.769230768,35024294.583333336,101000.0
65,1L6nEyp5eUauuCyGBrvk8ff8HWNaD1zCit,11667537.0,6,22,3.1666666666666665,57,18,0,123620.0,224994.6,711314.0,3990.0,105068966,105068966,6008566.666666667,1897442.105263158,750000.0
66,121iUY1czgXaQcEFrKKjbzMUdCquTQgPHL,3183381.0,20,13,0.47058823529411764,32,68,0,166138.5,166138.5,207822.0,124455.0,7640034007,7640034007,117976847.05882353,126800246.125,0.0
67,15e5gZd5gAh6eHSFVYgqZ6V4ByznAPjNsw,10533389.0,3,14,1.0,11,11,0,12809.0,23730.571428571428,66403.0,3458.0,654309779,654309779,59482707.18181818,59482707.18181818,150482874.0
68,1RichoHNquusV8Tb4wkSU6VGoQBSj58pM,243236231.0,110,4,0.041666666666666664,5,120,0,216923855.0,216923855.0,216923855.0,216923855.0,2506255985,2506255985,356708.3333333333,1000.0,0.0
69,1PoarppFDw6tKR6viB4c6UBTnMSzwSWhh2,14234215.0,30,17,0.9230769230769231,120,130,0,21690.5,34951.3,156904.0,1018.0,14865009,14865009,87821.07692307692,91125.91666666667,122014.0
70,1Coh362Abxg6kk8Rxvc7SfXw2fnDMAjZuF,5791295.0,3,19,1.5,15,10,0,48390.0,105501.55555555556,378661.0,504.0,287604401,287604401,28760440.1,19173626.733333334,10000000.0
71,1FcuuzvNwc3jvcFmAufvSAt337JBdUYquP,13439755.0,9,20,1.2727272727272727,42,33,0,90795.0,253829.33333333334,730698.0,1789.0,1123716597,1123716597,11591831.818181818,9107867.857142856,4830461.0
72,12gPNyfAqzamDkhuZnbTY9dwCA8cuTwNZv,96230770.0,72,18,1.2727272727272727,336,264,0,25026.0,51009.6,180124.0,1515.0,4544622025,4544622025,21524221.818181816,278826.0714285714,723287.0
73,1F1ukVyeeU2EGTSvZ6PSp7y3fTurqTTMo5,6488741.0,36,10,1.0833333333333333,117,108,0,3932.0,5447.571428571428,20541.0,770.0,1476741827,1476741827,46652114.25,42986567.0,223540000.0
74,1JwfPe9kyZ498oa4xJNEDyyGG84rLaakqm,9274018.0,12,17,2.5714285714285716,72,28,0,12135.0,25126.6,86875.0,5307.0,1400433414,1400427324,40233031.28571428,15562536.0,175805.0
75,14HMtbgEJpgLhkLsCRN8Uu43sQQ1tj29sP,28809538.0,76,13,0.7857142857142857,209,266,0,1035.0,6624.5,40447.0,624.0,787251498,787251498,553142.5,694368.6363636364,3390000.0
